FIPS,BachelorRate2012,BachelorRate2016
0,29.3,31.5
1000,23.1,24.9
1001,21.9,27.7
1003,28.6,31.3
1005,13.6,12.2
1007,10.2,11.5
1009,12.3,12.6
1011,14.1,13.3
1013,14.3,16.1
1015,16.9,18.0
1017,12.2,13.2
1019,13.7,12.9
1021,13.5,14.2
1023,12.8,13.0
1025,11.9,12.6
1027,8.6,10.2
1029,10.6,13.7
1031,23.2,23.4
1033,17.6,18.7
1035,8.3,10.7
1037,9.1,11.6
1039,14.6,14.9
1041,12.5,15.6
1043,15.1,13.7
1045,16.9,17.0
1047,14.5,15.1
1049,11.3,12.7
1051,21.4,24.5
1053,12.5,12.7
1055,15.4,17.7
1057,13.8,12.9
1059,10.9,12.9
1061,11.2,11.1
1063,11.5,10.1
1065,14.0,14.1
1067,16.8,18.0
1069,20.1,21.0
1071,12.9,14.2
1073,30.3,32.4
1075,11.4,12.5
1077,22.1,23.9
1079,11.3,11.7
1081,33.2,34.1
1083,23.1,25.5
1085,13.2,14.1
1087,19.4,20.7
1089,38.6,41.7
1091,16.0,15.4
1093,11.1,13.1
1095,16.1,19.2
1097,21.4,22.9
1099,12.5,14.1
1101,31.3,32.1
1103,19.9,21.7
1105,9.1,15.7
1107,9.6,13.5
1109,23.6,23.6
1111,12.4,14.9
1113,15.5,16.5
1115,15.5,16.5
1117,40.2,42.1
1119,15.0,21.8
1121,12.5,14.3
1123,17.6,18.3
1125,27.7,30.3
1127,10.7,11.6
1129,10.3,11.1
1131,11.5,12.5
1133,11.1,13.5
2000,27.7,29.2
2010,,
2013,12.6,12.7
2016,15.4,16.4
2020,32.9,35.3
2050,11.4,12.3
2060,20.2,22.3
2068,29.5,43.5
2070,16.6,19.3
2090,30.5,32.6
2100,31.3,37.4
2105,29.3,23.4
2110,37.8,39.5
2122,23.3,23.3
2130,24.6,24.5
2150,21.6,26.0
2160,,
2164,13.7,15.8
2170,20.9,21.2
2180,14.7,14.6
2185,13.4,16.6
2188,12.0,11.7
2195,25.2,27.6
2198,16.3,17.6
2201,,
2220,32.9,32.6
2230,34.6,33.7
2231,,
2232,,
2240,20.7,19.1
2250,,
2261,24.1,30.6
2270,4.5,
2275,18.7,20.7
2280,,
2282,20.3,20.0
2290,10.1,13.4
4000,27.1,28.9
4001,10.1,11.7
4003,23.1,23.0
4005,32.8,35.6
4007,17.1,18.5
4009,13.6,15.3
4011,11.8,11.9
4012,10.2,12.4
4013,30.0,32.0
4015,12.2,12.9
4017,14.5,15.8
4019,30.1,31.9
4021,17.8,19.0
4023,22.0,21.0
4025,24.9,25.2
4027,14.0,14.8
5000,20.6,22.6
5001,13.9,15.5
5003,12.7,13.2
5005,17.4,18.3
5007,29.6,32.4
5009,15.1,16.0
5011,11.2,15.2
5013,10.6,12.1
5015,17.0,20.4
5017,11.3,14.7
5019,22.3,27.6
5021,9.8,11.6
5023,17.2,14.9
5025,14.6,16.2
5027,21.3,20.6
5029,16.5,16.0
5031,24.8,26.3
5033,14.3,15.3
5035,14.6,18.0
5037,12.4,15.4
5039,11.8,13.7
5041,11.6,12.4
5043,20.4,20.6
5045,27.3,30.0
5047,12.6,11.8
5049,10.7,11.8
5051,21.0,20.2
5053,15.3,18.3
5055,14.9,15.9
5057,14.0,15.1
5059,14.1,14.7
5061,14.4,14.7
5063,14.8,18.9
5065,12.3,13.8
5067,7.9,10.2
5069,17.1,17.8
5071,16.3,15.8
5073,12.4,16.5
5075,11.8,15.0
5077,6.4,8.9
5079,8.5,8.9
5081,11.8,11.4
5083,11.8,12.1
5085,18.7,20.3
5087,9.7,12.5
5089,12.8,17.2
5091,12.7,16.6
5093,13.1,12.8
5095,12.1,10.5
5097,13.6,10.8
5099,14.2,15.4
5101,11.3,16.2
5103,15.9,16.0
5105,14.4,11.9
5107,12.9,14.0
5109,12.8,14.7
5111,8.0,10.1
5113,12.6,13.3
5115,21.1,22.0
5117,10.4,15.1
5119,32.0,34.1
5121,14.4,14.0
5123,11.8,10.6
5125,23.0,26.1
5127,12.2,9.1
5129,13.9,12.5
5131,19.7,19.7
5133,8.3,11.5
5135,10.6,11.3
5137,16.3,12.8
5139,17.4,20.8
5141,12.2,14.1
5143,29.3,32.8
5145,19.0,21.4
5147,9.0,12.0
5149,11.9,13.5
6000,31.0,33.3
6001,42.1,46.0
6003,30.5,30.0
6005,20.5,20.3
6007,25.0,26.5
6009,21.1,18.7
6011,14.3,15.4
6013,39.4,41.7
6015,16.0,14.3
6017,32.1,33.7
6019,19.5,20.7
6021,15.7,13.9
6023,27.5,29.8
6025,13.4,14.5
6027,21.4,26.1
6029,15.2,16.1
6031,12.5,13.5
6033,16.2,15.8
6035,12.9,12.0
6037,29.9,31.8
6039,13.5,14.5
6041,54.8,58.8
6043,22.4,23.4
6045,22.5,24.7
6047,13.0,14.0
6049,18.5,15.9
6051,33.3,30.6
6053,23.1,24.5
6055,31.9,34.9
6057,32.8,36.6
6059,37.3,39.9
6061,35.7,38.6
6063,22.7,23.5
6065,20.8,21.8
6067,28.2,30.4
6069,19.0,19.7
6071,18.8,20.3
6073,35.1,38.1
6075,52.9,57.1
6077,18.1,18.4
6079,32.1,34.6
6081,45.0,49.9
6083,31.4,33.8
6085,47.3,51.3
6087,37.5,40.0
6089,19.1,22.2
6091,19.0,18.7
6093,24.0,22.5
6095,24.3,26.2
6097,32.6,34.9
6099,16.4,16.9
6101,18.5,17.7
6103,14.1,15.5
6105,22.0,19.7
6107,13.3,14.3
6109,19.8,20.0
6111,31.6,33.1
6113,38.3,41.6
6115,14.2,16.7
8000,37.5,40.1
8001,21.6,23.6
8003,24.1,26.1
8005,39.4,42.2
8007,35.3,38.9
8009,16.1,22.1
8011,7.5,12.4
8013,58.2,60.8
8014,49.5,55.5
8015,34.2,33.5
8017,21.8,20.0
8019,40.8,46.5
8021,20.2,20.2
8023,18.2,19.1
8025,10.5,9.6
8027,34.8,36.9
8029,18.9,21.2
8031,43.7,47.9
8033,21.7,21.3
8035,55.9,57.9
8037,47.3,48.1
8039,29.5,35.9
8041,35.2,37.9
8043,15.9,18.2
8045,29.3,30.0
8047,29.5,38.7
8049,36.3,37.8
8051,54.4,55.3
8053,41.3,43.9
8055,28.9,21.4
8057,17.5,16.8
8059,41.1,44.1
8061,19.4,21.5
8063,13.9,18.9
8065,30.3,34.0
8067,43.4,43.9
8069,44.1,46.3
8071,18.0,19.7
8073,16.1,12.8
8075,15.9,20.5
8077,25.2,27.4
8079,39.4,39.9
8081,14.2,17.1
8083,26.4,28.6
8085,24.6,23.9
8087,13.9,17.6
8089,15.5,17.7
8091,50.0,48.6
8093,31.6,30.2
8095,18.2,25.5
8097,56.4,63.1
8099,13.9,17.4
8101,21.4,22.0
8103,20.8,20.2
8105,20.9,23.7
8107,48.7,50.4
8109,25.7,22.9
8111,27.1,34.5
8113,54.4,56.7
8115,18.6,20.8
8117,48.1,51.0
8119,30.9,34.0
8121,17.6,16.2
8123,25.9,26.7
8125,18.6,22.1
9000,37.0,38.9
9001,45.4,47.4
9003,35.6,37.8
9005,33.7,35.1
9007,39.7,41.5
9009,33.4,34.9
9011,31.5,33.3
9013,36.8,41.2
9015,22.9,24.1
10000,29.4,31.4
10001,22.7,23.6
10003,34.5,35.9
10005,21.9,26.5
11000,53.4,57.6
11001,53.4,57.6
12000,26.8,29.2
12001,40.8,42.5
12003,10.9,13.4
12005,21.6,22.8
12007,10.4,10.6
12009,26.7,29.3
12011,30.2,31.9
12013,9.2,9.9
12015,20.9,23.2
12017,16.8,17.6
12019,23.6,24.1
12021,32.3,36.2
12023,14.1,15.6
12027,9.9,11.4
12029,7.5,9.4
12031,26.5,29.2
12033,23.9,26.4
12035,23.4,24.4
12037,16.0,17.1
12039,16.3,16.7
12041,11.0,14.2
12043,10.3,9.9
12045,14.7,17.7
12047,10.8,9.3
12049,10.0,10.4
12051,10.6,8.2
12053,15.7,17.5
12055,15.9,17.0
12057,29.8,32.7
12059,10.9,10.3
12061,26.7,28.3
12063,14.2,13.4
12065,17.8,22.0
12067,11.6,15.8
12069,21.0,22.7
12071,25.3,27.8
12073,44.3,45.7
12075,10.5,12.6
12077,13.1,12.7
12079,10.4,13.8
12081,27.5,29.3
12083,17.2,19.4
12085,31.2,33.0
12086,26.4,28.8
12087,29.7,33.3
12089,23.0,28.2
12091,28.1,30.6
12093,10.7,11.4
12095,30.6,33.8
12097,17.8,20.5
12099,32.8,35.7
12101,21.1,23.4
12103,28.3,31.0
12105,18.6,20.0
12107,11.6,12.4
12109,41.4,43.7
12111,19.0,20.3
12113,26.5,28.1
12115,31.1,34.7
12117,35.0,38.2
12119,26.4,31.1
12121,11.9,14.7
12123,10.0,7.4
12125,8.6,8.3
12127,21.3,23.6
12129,17.2,18.4
12131,25.1,28.4
12133,11.4,11.7
13000,28.3,30.7
13001,12.9,9.7
13003,7.7,9.9
13005,12.1,10.1
13007,11.0,12.3
13009,18.3,20.9
13011,11.8,12.8
13013,16.6,17.6
13015,17.3,19.5
13017,10.8,12.0
13019,13.0,11.8
13021,23.4,25.7
13023,15.2,17.2
13025,6.9,8.2
13027,11.1,15.2
13029,32.4,32.6
13031,28.0,27.4
13033,10.0,12.6
13035,9.7,11.4
13037,9.4,9.4
13039,21.2,24.5
13043,15.1,14.1
13045,18.3,20.6
13047,18.5,20.8
13049,11.4,10.5
13051,32.3,33.2
13053,31.5,33.4
13055,8.5,9.8
13057,34.3,37.0
13059,39.3,42.7
13061,6.9,7.9
13063,18.1,19.5
13065,14.1,11.1
13067,43.8,46.5
13069,12.3,13.2
13071,12.9,12.5
13073,34.2,35.1
13075,13.4,15.5
13077,26.6,29.8
13079,11.1,10.3
13081,14.7,13.7
13083,16.2,13.9
13085,26.3,30.4
13087,15.1,14.6
13089,40.3,43.4
13091,14.4,13.7
13093,9.0,11.3
13095,17.8,21.4
13097,24.5,27.1
13099,14.8,15.6
13101,7.5,8.8
13103,17.9,20.1
13105,10.7,10.8
13107,10.0,12.4
13109,14.5,15.5
13111,14.7,21.3
13113,43.3,46.5
13115,18.6,20.4
13117,44.6,51.7
13119,12.0,13.5
13121,48.6,51.4
13123,16.9,20.0
13125,11.4,9.0
13127,26.4,29.6
13129,13.9,14.4
13131,12.7,14.1
13133,24.4,25.8
13135,34.4,36.1
13137,16.5,18.7
13139,22.8,24.0
13141,10.6,8.8
13143,13.8,14.0
13145,27.8,29.9
13147,14.6,15.1
13149,10.4,9.8
13151,26.2,28.3
13153,23.2,27.3
13155,10.7,14.3
13157,18.6,21.0
13159,14.0,10.8
13161,9.0,10.0
13163,9.2,11.0
13165,12.3,9.3
13167,9.6,10.4
13169,18.5,20.1
13171,16.6,17.1
13173,12.4,16.4
13175,14.5,15.6
13177,22.3,25.6
13179,19.5,18.3
13181,10.8,13.5
13183,13.9,15.5
13185,23.0,25.6
13187,27.5,26.2
13189,15.3,13.7
13191,14.2,15.6
13193,8.7,8.6
13195,14.8,18.0
13197,13.4,13.1
13199,9.3,11.5
13201,12.3,12.3
13205,11.1,11.1
13207,19.8,26.3
13209,14.4,14.1
13211,22.3,20.8
13213,8.6,9.4
13215,23.7,26.2
13217,19.4,19.6
13219,44.6,51.1
13221,18.2,16.9
13223,23.3,24.1
13225,19.5,19.4
13227,23.7,23.7
13229,12.7,11.9
13231,17.3,15.9
13233,12.7,12.2
13235,11.0,12.4
13237,18.1,22.2
13239,7.2,9.1
13241,25.8,24.8
13243,14.8,11.7
13245,20.4,21.3
13247,25.4,26.5
13249,14.1,12.9
13251,13.0,14.2
13253,15.1,14.4
13255,15.2,16.4
13257,15.7,22.1
13259,9.7,11.2
13261,19.4,18.6
13263,13.2,12.0
13265,8.3,7.0
13267,11.2,13.2
13269,10.1,11.2
13271,10.8,8.4
13273,10.1,12.3
13275,17.6,23.1
13277,16.6,16.5
13279,15.3,15.8
13281,22.2,26.2
13283,14.1,13.6
13285,18.6,18.5
13287,10.4,12.5
13289,9.6,9.4
13291,20.6,22.4
13293,11.4,13.7
13295,14.3,15.9
13297,17.2,19.9
13299,13.1,13.9
13301,8.0,13.4
13303,11.3,14.0
13305,12.2,12.9
13307,6.0,11.7
13309,8.1,12.8
13311,19.4,21.4
13313,14.3,15.7
13315,8.7,11.4
13317,15.3,12.6
13319,8.2,10.6
13321,7.8,10.4
15000,30.5,32.5
15001,25.9,29.5
15003,32.5,34.3
15005,43.3,24.6
15007,26.9,29.5
15009,25.6,26.6
16000,25.4,26.9
16001,36.4,37.8
16003,20.8,19.1
16005,27.3,27.2
16007,17.6,20.3
16009,13.3,15.1
16011,17.1,20.7
16013,44.8,38.2
16015,24.8,27.2
16017,21.7,23.1
16019,26.4,30.1
16021,14.1,19.0
16023,15.0,18.2
16025,22.0,19.5
16027,17.4,18.3
16029,17.8,19.9
16031,16.9,18.6
16033,15.9,15.5
16035,15.8,16.9
16037,26.2,23.0
16039,17.0,16.4
16041,18.2,18.1
16043,19.7,20.9
16045,16.9,14.8
16047,11.8,15.2
16049,16.8,20.2
16051,21.0,22.6
16053,13.3,14.9
16055,23.1,24.9
16057,44.0,45.1
16059,22.9,21.1
16061,16.5,17.3
16063,11.3,10.1
16065,34.4,36.4
16067,11.8,13.4
16069,22.1,21.9
16071,12.7,15.5
16073,9.0,11.2
16075,15.0,14.2
16077,12.5,15.9
16079,13.7,11.6
16081,38.2,41.5
16083,16.9,20.6
16085,34.0,30.1
16087,14.4,14.8
17000,31.9,34.1
17001,20.8,24.8
17003,7.7,11.3
17005,17.4,21.8
17007,19.4,23.2
17009,12.8,13.7
17011,17.5,19.7
17013,14.4,13.6
17015,15.5,18.1
17017,13.2,14.6
17019,42.5,44.4
17021,13.9,16.6
17023,18.4,17.6
17025,13.5,15.2
17027,20.1,22.5
17029,24.0,25.6
17031,35.3,38.0
17033,17.7,16.6
17035,13.9,15.8
17037,29.9,31.4
17039,17.4,21.3
17041,17.1,19.0
17043,46.7,48.8
17045,16.9,16.7
17047,10.2,13.9
17049,20.2,22.5
17051,13.4,11.7
17053,16.1,20.2
17055,12.7,15.9
17057,15.5,17.6
17059,10.7,9.9
17061,12.8,12.4
17063,21.4,23.6
17065,14.5,18.3
17067,18.6,21.3
17069,10.8,11.2
17071,14.1,15.4
17073,19.6,22.6
17075,14.7,15.4
17077,33.8,36.0
17079,18.4,17.5
17081,15.9,17.4
17083,16.2,20.5
17085,23.5,23.8
17087,15.8,16.5
17089,31.8,33.1
17091,17.6,21.0
17093,34.3,35.4
17095,17.6,18.5
17097,42.7,45.0
17099,16.3,17.9
17101,9.3,13.5
17103,16.5,17.7
17105,16.0,15.7
17107,16.4,20.4
17109,33.5,32.4
17111,32.2,33.7
17113,43.4,44.8
17115,23.1,22.5
17117,17.0,19.4
17119,24.8,25.8
17121,13.8,15.0
17123,17.7,16.8
17125,13.3,15.4
17127,15.3,13.2
17129,21.2,23.1
17131,15.5,17.8
17133,26.2,32.5
17135,12.7,15.6
17137,22.1,19.9
17139,15.5,19.5
17141,20.0,20.0
17143,29.3,30.4
17145,13.3,11.7
17147,26.6,27.9
17149,14.7,15.1
17151,14.7,13.4
17153,11.2,12.3
17155,13.7,14.6
17157,12.3,12.8
17159,21.3,21.3
17161,21.7,23.2
17163,25.6,27.3
17165,14.0,17.8
17167,33.0,34.2
17169,17.8,18.2
17171,12.1,15.0
17173,14.3,16.9
17175,17.6,17.5
17177,18.0,19.3
17179,24.6,26.4
17181,21.3,22.8
17183,13.8,15.1
17185,17.4,17.2
17187,20.5,23.0
17189,21.5,20.6
17191,12.5,14.6
17193,13.5,15.2
17195,16.6,18.5
17197,32.6,34.0
17199,22.1,22.6
17201,21.7,22.6
17203,27.9,31.6
18000,23.6,25.9
18001,14.9,15.3
18003,26.6,28.2
18005,27.9,32.3
18007,16.4,16.9
18009,10.5,13.6
18011,42.5,48.3
18013,21.2,27.4
18015,16.7,17.2
18017,13.6,13.9
18019,19.7,20.9
18021,14.2,16.8
18023,14.3,16.6
18025,10.7,11.4
18027,12.9,13.8
18029,18.2,21.6
18031,14.5,19.6
18033,17.0,17.7
18035,23.3,24.3
18037,17.9,22.2
18039,17.9,19.2
18041,10.1,11.6
18043,24.3,29.5
18045,12.5,15.0
18047,17.7,19.8
18049,12.5,14.4
18051,15.0,17.4
18053,17.2,17.1
18055,13.2,14.8
18057,55.6,57.8
18059,26.7,30.3
18061,15.5,17.4
18063,32.1,36.3
18065,15.0,16.6
18067,19.5,21.2
18069,18.0,19.0
18071,14.4,15.5
18073,15.3,14.9
18075,10.2,10.6
18077,17.2,17.9
18079,10.8,11.1
18081,27.3,31.8
18083,14.5,16.4
18085,21.4,22.7
18087,10.8,10.4
18089,20.0,22.1
18091,17.1,17.9
18093,14.6,15.5
18095,17.1,18.0
18097,27.7,30.4
18099,17.3,20.5
18101,11.8,13.4
18103,10.7,12.7
18105,44.2,45.6
18107,16.8,18.1
18109,15.5,16.9
18111,9.1,11.2
18113,14.2,14.3
18115,12.8,13.7
18117,12.1,12.3
18119,10.7,12.6
18121,14.3,12.2
18123,10.4,14.9
18125,12.0,13.7
18127,26.4,28.2
18129,21.3,20.7
18131,12.0,12.5
18133,15.5,16.1
18135,12.6,14.3
18137,16.8,18.1
18139,14.7,13.0
18141,27.2,29.2
18143,13.2,11.9
18145,15.0,19.4
18147,15.4,14.9
18149,11.2,10.8
18151,20.1,20.6
18153,13.0,10.8
18155,8.7,9.9
18157,35.2,37.7
18159,17.3,23.0
18161,19.3,16.9
18163,23.5,26.3
18165,13.2,13.4
18167,21.6,24.5
18169,17.1,18.4
18171,17.2,18.9
18173,26.8,29.6
18175,12.2,13.2
18177,17.7,18.2
18179,16.6,18.1
18181,15.1,16.8
18183,18.1,20.9
19000,26.4,28.2
19001,15.2,15.4
19003,14.7,17.7
19005,15.9,18.5
19007,18.4,17.1
19009,16.4,14.6
19011,20.0,22.6
19013,26.2,28.6
19015,22.5,24.8
19017,28.2,30.3
19019,17.3,20.6
19021,19.7,19.6
19023,15.5,17.5
19025,18.9,19.5
19027,18.2,22.2
19029,20.0,19.6
19031,20.8,23.0
19033,22.0,22.7
19035,20.5,21.4
19037,14.5,16.9
19039,15.7,16.9
19041,18.5,22.6
19043,16.2,17.2
19045,19.2,19.1
19047,14.3,12.8
19049,43.7,49.4
19051,16.8,20.5
19053,19.2,23.5
19055,14.9,16.6
19057,20.2,20.5
19059,25.2,31.3
19061,27.8,30.5
19063,14.8,20.2
19065,18.4,19.8
19067,17.0,19.9
19069,16.3,17.7
19071,20.9,19.3
19073,17.3,20.1
19075,20.5,28.0
19077,18.0,19.8
19079,19.0,24.3
19081,17.9,23.1
19083,19.0,19.8
19085,18.3,18.8
19087,20.5,20.1
19089,11.7,14.9
19091,16.6,20.8
19093,18.8,19.0
19095,21.7,19.1
19097,14.1,18.8
19099,17.7,17.9
19101,33.0,31.6
19103,51.7,53.0
19105,15.7,18.4
19107,15.3,18.2
19109,19.4,18.3
19111,15.5,15.7
19113,31.7,33.0
19115,14.2,14.2
19117,12.7,17.0
19119,19.6,21.4
19121,21.7,23.9
19123,22.4,22.3
19125,24.0,26.4
19127,20.1,19.0
19129,24.4,23.7
19131,15.1,17.7
19133,14.0,16.7
19135,17.3,16.6
19137,15.4,17.5
19139,18.2,22.0
19141,19.5,19.9
19143,14.4,18.1
19145,18.3,21.3
19147,18.3,25.0
19149,20.0,21.0
19151,18.2,14.7
19153,35.4,36.1
19155,19.7,21.2
19157,25.4,25.1
19159,18.9,20.6
19161,19.4,20.6
19163,31.9,31.9
19165,19.7,20.8
19167,24.9,28.1
19169,48.5,51.1
19171,16.2,16.1
19173,15.3,14.9
19175,16.6,17.2
19177,14.0,14.1
19179,15.3,18.0
19181,28.5,31.7
19183,21.5,21.5
19185,13.8,13.0
19187,19.1,19.6
19189,21.3,22.4
19191,26.8,29.7
19193,21.3,23.0
19195,15.7,15.5
19197,17.3,17.7
20000,30.7,32.9
20001,16.1,20.4
20003,17.5,17.5
20005,19.0,21.9
20007,18.1,18.3
20009,17.3,18.4
20011,21.4,20.6
20013,19.6,21.8
20015,27.5,29.0
20017,24.7,21.6
20019,17.7,16.8
20021,16.1,19.1
20023,18.7,26.3
20025,30.7,31.5
20027,22.3,27.2
20029,17.2,22.5
20031,19.7,22.9
20033,26.0,18.6
20035,19.4,20.1
20037,28.9,29.5
20039,23.3,23.5
20041,18.7,22.1
20043,17.6,19.3
20045,49.4,50.4
20047,21.7,17.9
20049,18.9,15.0
20051,32.3,34.8
20053,21.1,20.4
20055,18.6,17.1
20057,17.0,17.6
20059,21.0,19.5
20061,19.7,21.9
20063,21.7,22.7
20065,25.6,26.2
20067,18.5,15.4
20069,20.2,21.0
20071,20.0,29.0
20073,15.4,19.6
20075,13.1,18.2
20077,19.1,17.1
20079,25.8,31.0
20081,17.6,16.3
20083,21.0,28.4
20085,18.1,21.3
20087,21.0,21.9
20089,14.1,16.9
20091,52.1,55.3
20093,17.8,15.9
20095,18.9,24.2
20097,22.6,27.9
20099,20.1,17.8
20101,24.0,21.6
20103,29.8,31.7
20105,21.1,22.6
20107,14.3,16.0
20109,18.5,17.6
20111,25.0,27.3
20113,26.7,29.0
20115,22.6,25.1
20117,15.7,18.6
20119,22.0,20.1
20121,23.2,27.7
20123,22.1,25.3
20125,16.4,18.2
20127,16.9,20.1
20129,17.0,17.1
20131,21.9,24.5
20133,18.4,20.6
20135,19.1,18.9
20137,16.0,15.9
20139,20.7,18.6
20141,19.7,23.0
20143,19.9,23.5
20145,22.4,18.8
20147,20.4,22.3
20149,32.2,34.5
20151,24.4,28.1
20153,23.8,25.1
20155,19.7,20.5
20157,21.0,24.5
20159,21.4,23.2
20161,45.5,46.0
20163,21.6,24.0
20165,20.8,23.1
20167,23.9,25.9
20169,24.5,26.2
20171,20.0,24.9
20173,29.4,30.9
20175,12.6,11.1
20177,28.9,30.8
20179,21.4,21.4
20181,15.2,19.1
20183,18.9,19.1
20185,20.3,23.9
20187,17.9,19.3
20189,16.3,12.2
20191,18.4,22.2
20193,30.5,25.5
20195,23.2,22.8
20197,22.3,23.3
20199,21.2,30.9
20201,15.5,20.3
20203,18.9,21.1
20205,12.5,14.4
20207,18.4,13.5
20209,15.8,17.4
21000,21.8,23.6
21001,15.6,16.3
21003,13.3,14.6
21005,18.4,20.3
21007,12.4,13.3
21009,14.7,16.0
21011,11.5,12.4
21013,10.2,8.9
21015,30.8,31.6
21017,15.7,18.9
21019,16.7,20.2
21021,22.2,23.4
21023,14.6,13.7
21025,11.5,14.3
21027,9.4,11.1
21029,13.4,14.2
21031,8.7,12.6
21033,17.3,15.3
21035,27.5,29.0
21037,28.1,33.5
21039,13.1,14.8
21041,11.1,8.8
21043,11.1,13.7
21045,9.3,13.3
21047,15.7,17.3
21049,19.9,20.1
21051,9.5,9.5
21053,9.0,10.1
21055,11.3,13.1
21057,12.2,13.1
21059,19.9,22.9
21061,11.6,10.8
21063,6.4,8.3
21065,8.4,9.9
21067,40.2,42.9
21069,10.9,12.7
21071,12.8,11.2
21073,27.4,29.8
21075,13.2,13.3
21077,9.9,11.6
21079,16.5,16.8
21081,11.4,13.6
21083,16.7,16.3
21085,9.1,10.4
21087,10.8,12.0
21089,15.7,17.2
21091,11.6,11.0
21093,22.2,23.0
21095,11.1,10.8
21097,13.6,14.8
21099,9.8,11.8
21101,16.4,17.9
21103,11.6,12.2
21105,11.7,17.6
21107,13.9,16.0
21109,8.6,12.2
21111,30.8,32.7
21113,28.3,29.5
21115,10.5,14.9
21117,28.9,30.4
21119,12.8,12.9
21121,10.2,13.1
21123,10.8,10.1
21125,11.9,13.4
21127,11.7,10.0
21129,7.0,10.3
21131,8.2,9.7
21133,11.9,11.7
21135,10.9,11.0
21137,10.2,11.1
21139,10.0,11.4
21141,13.0,15.0
21143,15.8,15.9
21145,22.7,24.6
21147,7.5,6.9
21149,10.2,12.0
21151,28.6,30.5
21153,8.5,9.7
21155,13.0,13.2
21157,16.4,18.8
21159,7.3,8.5
21161,14.4,18.9
21163,13.4,18.2
21165,11.9,11.3
21167,18.3,17.5
21169,11.1,13.1
21171,11.7,12.9
21173,17.3,16.3
21175,12.6,13.6
21177,9.6,11.1
21179,16.2,17.2
21181,13.7,10.2
21183,8.2,13.3
21185,39.8,42.2
21187,14.0,9.9
21189,15.5,16.2
21191,12.6,11.3
21193,13.0,12.3
21195,12.5,13.0
21197,13.6,14.7
21199,14.5,15.3
21201,14.9,16.0
21203,11.1,10.6
21205,25.5,26.6
21207,12.0,12.9
21209,28.0,28.6
21211,23.7,24.2
21213,13.8,14.2
21215,17.4,20.2
21217,15.0,19.2
21219,10.2,12.9
21221,17.6,16.9
21223,13.5,12.0
21225,10.9,11.0
21227,27.3,30.6
21229,15.0,17.7
21231,10.0,12.8
21233,7.9,9.8
21235,14.5,19.2
21237,10.7,7.6
21239,32.4,32.9
22000,22.1,23.7
22001,9.9,13.4
22003,11.5,12.7
22005,25.8,26.8
22007,10.7,10.2
22009,9.3,12.1
22011,14.9,17.5
22013,12.0,12.4
22015,25.1,25.6
22017,23.5,23.5
22019,20.3,21.9
22021,9.8,14.2
22023,15.7,11.6
22025,11.6,11.7
22027,13.0,14.7
22029,10.5,12.8
22031,12.0,14.2
22033,34.1,34.7
22035,9.4,8.5
22037,12.9,12.6
22039,12.6,12.8
22041,12.0,11.9
22043,9.4,8.4
22045,14.3,12.7
22047,12.7,14.5
22049,13.3,13.5
22051,23.8,26.1
22053,14.3,15.9
22055,29.0,32.1
22057,15.1,16.6
22059,13.0,12.2
22061,34.6,36.5
22063,17.3,18.3
22065,11.4,12.6
22067,13.3,13.0
22069,20.6,17.8
22071,34.4,36.8
22073,22.8,24.3
22075,15.4,19.6
22077,12.6,15.2
22079,18.2,20.5
22081,11.2,13.9
22083,14.7,13.5
22085,13.8,13.1
22087,12.5,12.3
22089,20.1,24.2
22091,8.9,13.9
22093,13.4,14.3
22095,15.2,16.3
22097,13.1,14.2
22099,13.9,14.4
22101,11.1,10.6
22103,30.4,33.5
22105,19.3,19.4
22107,9.8,10.5
22109,12.9,15.8
22111,11.6,14.6
22113,13.0,14.2
22115,18.7,16.8
22117,11.0,11.7
22119,14.4,15.1
22121,18.0,20.6
22123,10.1,12.6
22125,19.1,22.2
22127,12.3,14.4
23000,28.4,30.9
23001,19.9,22.2
23003,17.0,18.9
23005,42.0,46.7
23007,24.5,25.4
23009,32.6,32.3
23011,23.9,27.1
23013,30.7,31.0
23015,32.3,32.7
23017,18.8,19.0
23019,24.2,27.1
23021,18.2,18.3
23023,32.3,35.5
23025,15.7,16.5
23027,29.0,29.6
23029,20.2,20.8
23031,29.1,31.4
24000,37.3,39.6
24001,17.0,18.3
24003,37.6,40.9
24005,36.0,38.6
24009,29.3,31.1
24011,13.9,16.9
24013,32.7,35.6
24015,21.8,22.8
24017,26.8,28.9
24019,19.3,20.8
24021,38.8,40.6
24023,18.4,20.1
24025,33.4,35.8
24027,60.4,61.4
24029,28.0,34.2
24031,57.4,59.0
24033,30.4,32.7
24035,34.1,34.9
24037,29.8,31.5
24039,15.1,15.7
24041,33.4,38.6
24043,19.9,21.4
24045,27.7,26.8
24047,28.2,30.4
24510,27.7,31.2
25000,40.0,42.9
25001,39.9,42.8
25003,31.3,33.4
25005,25.6,28.0
25007,41.2,44.2
25009,37.2,39.4
25011,34.4,37.2
25013,25.4,27.2
25015,43.2,46.5
25017,51.3,55.2
25019,45.7,51.7
25021,49.9,53.0
25023,34.0,36.7
25025,41.0,44.8
25027,34.1,35.9
26000,26.4,28.6
26001,13.5,15.7
26003,17.1,17.4
26005,20.8,22.7
26007,16.1,17.5
26009,24.9,28.2
26011,11.5,11.8
26013,12.5,14.5
26015,18.5,20.1
26017,18.6,18.9
26019,24.8,29.3
26021,24.8,27.7
26023,13.1,14.2
26025,19.6,21.2
26027,16.9,19.1
26029,27.1,31.0
26031,16.8,20.5
26033,19.4,21.0
26035,10.5,12.1
26037,28.7,31.4
26039,15.8,18.8
26041,18.0,21.5
26043,21.4,26.5
26045,24.2,26.8
26047,33.3,33.7
26049,19.2,20.9
26051,12.5,13.8
26053,17.6,19.8
26055,30.8,35.1
26057,13.8,14.0
26059,15.6,17.0
26061,29.6,33.2
26063,14.1,15.5
26065,36.5,38.5
26067,14.2,16.1
26069,14.5,16.3
26071,19.9,18.8
26073,26.1,29.2
26075,19.0,21.4
26077,34.4,38.1
26079,13.0,11.9
26081,32.6,35.2
26083,24.6,30.4
26085,9.2,11.3
26087,16.8,17.8
26089,39.5,42.8
26091,19.7,20.9
26093,33.0,34.8
26095,12.4,16.3
26097,17.9,21.8
26099,23.1,24.5
26101,19.4,20.0
26103,28.8,31.5
26105,20.1,23.2
26107,22.2,21.9
26109,15.5,16.7
26111,32.0,34.0
26113,13.3,13.2
26115,18.5,19.1
26117,13.4,13.0
26119,10.3,12.8
26121,17.6,19.1
26123,13.0,15.9
26125,43.7,46.4
26127,16.1,18.8
26129,11.6,12.1
26131,15.8,17.5
26133,12.9,13.8
26135,9.8,10.7
26137,20.5,24.2
26139,30.5,33.5
26141,16.4,17.3
26143,13.3,14.9
26145,20.1,21.1
26147,17.3,18.3
26149,15.0,15.7
26151,11.6,14.2
26153,13.9,15.8
26155,15.1,17.2
26157,13.5,13.6
26159,18.4,20.9
26161,51.8,55.2
26163,21.6,23.3
26165,16.7,17.9
27000,33.2,35.4
27001,14.8,17.4
27003,27.3,29.7
27005,21.6,24.5
27007,26.7,28.1
27009,20.3,22.6
27011,18.3,15.0
27013,30.4,33.6
27015,21.5,20.4
27017,22.3,22.5
27019,45.0,48.1
27021,19.6,22.4
27023,17.6,19.1
27025,21.5,20.5
27027,30.5,33.5
27029,14.2,16.1
27031,40.6,42.4
27033,17.0,21.2
27035,23.0,24.3
27037,39.5,41.8
27039,24.1,24.4
27041,24.2,25.4
27043,17.0,17.8
27045,18.7,21.1
27047,15.3,16.7
27049,23.5,25.0
27051,18.3,19.4
27053,46.4,49.2
27055,22.0,24.0
27057,24.3,27.2
27059,17.1,17.7
27061,21.7,22.7
27063,18.6,22.0
27065,13.4,14.6
27067,21.9,23.4
27069,21.2,23.9
27071,18.4,17.6
27073,18.6,19.1
27075,23.2,29.8
27077,16.2,19.3
27079,21.6,22.4
27081,19.6,18.4
27083,27.2,25.4
27085,18.9,17.9
27087,13.0,12.2
27089,17.9,19.0
27091,17.9,20.1
27093,18.0,18.8
27095,15.3,15.3
27097,16.4,17.1
27099,17.9,21.7
27101,17.2,18.9
27103,32.3,32.6
27105,14.4,15.3
27107,14.7,18.4
27109,40.2,44.0
27111,23.6,25.1
27113,16.6,20.1
27115,12.6,14.5
27117,18.0,21.4
27119,21.3,24.1
27121,20.6,21.9
27123,39.8,41.9
27125,16.1,16.9
27127,16.3,18.6
27129,15.6,14.4
27131,27.5,27.5
27133,18.0,23.0
27135,18.0,19.3
27137,26.4,28.7
27139,38.3,39.3
27141,26.2,27.4
27143,15.8,16.7
27145,25.5,27.8
27147,24.8,25.0
27149,26.3,29.3
27151,16.6,18.0
27153,13.8,15.5
27155,16.8,17.0
27157,20.7,21.9
27159,12.9,13.6
27161,19.9,20.5
27163,41.3,43.2
27165,16.7,15.3
27167,16.4,23.5
27169,27.5,29.8
27171,27.4,28.4
27173,17.3,16.1
28000,20.4,21.8
28001,17.2,17.8
28003,16.2,16.4
28005,11.5,13.1
28007,15.1,13.6
28009,8.6,10.3
28011,21.4,23.8
28013,10.6,11.3
28015,13.1,14.5
28017,10.5,12.4
28019,13.1,17.7
28021,16.5,19.1
28023,12.0,11.7
28025,19.1,20.1
28027,17.8,17.1
28029,13.9,14.2
28031,14.5,17.4
28033,21.7,24.1
28035,26.8,27.6
28037,16.7,15.3
28039,11.1,12.6
28041,8.7,8.6
28043,14.2,19.7
28045,22.5,23.2
28047,20.8,22.3
28049,27.5,29.1
28051,12.0,9.9
28053,12.0,14.4
28055,7.8,6.7
28057,13.0,13.4
28059,20.5,20.8
28061,13.3,14.5
28063,20.4,15.0
28065,14.7,13.9
28067,17.3,20.5
28069,10.8,11.0
28071,36.9,43.9
28073,34.1,35.2
28075,19.0,20.0
28077,12.8,15.6
28079,11.6,12.8
28081,21.7,23.9
28083,18.6,17.5
28085,14.7,16.0
28087,21.4,23.7
28089,46.3,47.7
28091,12.3,12.1
28093,11.3,13.7
28095,14.1,17.2
28097,15.7,20.4
28099,13.8,12.2
28101,15.8,16.6
28103,11.2,13.5
28105,42.6,43.5
28107,14.9,14.9
28109,13.5,16.4
28111,8.4,11.0
28113,16.3,15.5
28115,12.2,15.9
28117,11.8,12.2
28119,13.6,11.4
28121,28.7,29.2
28123,11.2,12.7
28125,21.6,18.7
28127,13.4,12.6
28129,13.6,12.5
28131,13.1,14.5
28133,13.8,15.4
28135,9.7,11.4
28137,16.8,17.4
28139,10.7,15.5
28141,11.3,10.0
28143,17.6,16.8
28145,14.9,14.8
28147,13.0,13.4
28149,25.2,23.3
28151,18.7,18.8
28153,10.3,16.0
28155,19.0,17.3
28157,14.6,13.8
28159,17.0,16.6
28161,11.1,14.2
28163,12.4,14.6
29000,26.7,28.6
29001,28.6,30.0
29003,22.4,23.8
29005,21.4,22.5
29007,12.3,14.5
29009,13.3,14.5
29011,15.3,18.1
29013,12.1,14.9
29015,11.8,13.4
29017,11.5,9.4
29019,47.7,46.0
29021,19.7,20.7
29023,14.0,13.8
29025,15.3,18.3
29027,21.3,22.2
29029,22.0,21.8
29031,28.1,30.5
29033,17.0,17.0
29035,14.8,16.5
29037,24.0,26.1
29039,14.3,15.3
29041,13.4,18.4
29043,26.5,28.2
29045,10.9,13.5
29047,30.7,32.7
29049,17.5,19.4
29051,30.9,32.9
29053,19.3,21.4
29055,13.6,11.2
29057,15.2,13.6
29059,13.9,12.4
29061,15.0,18.1
29063,10.9,15.3
29065,12.4,14.6
29067,9.7,10.5
29069,10.9,13.1
29071,18.0,20.1
29073,15.6,18.9
29075,17.3,18.0
29077,28.7,30.2
29079,16.8,18.8
29081,12.0,16.2
29083,15.1,15.5
29085,11.2,10.0
29087,18.3,19.8
29089,23.6,24.4
29091,15.0,16.5
29093,10.9,10.9
29095,28.0,30.9
29097,21.0,22.9
29099,18.0,20.2
29101,26.0,28.4
29103,13.6,15.8
29105,14.1,14.7
29107,17.8,20.1
29109,15.6,15.3
29111,13.4,14.0
29113,14.2,15.9
29115,12.1,15.4
29117,17.1,19.3
29119,12.3,11.8
29121,15.7,15.7
29123,9.9,15.1
29125,15.3,14.1
29127,18.4,20.9
29129,14.2,18.0
29131,15.4,16.6
29133,10.1,12.4
29135,17.2,19.0
29137,14.0,12.8
29139,12.1,13.7
29141,13.4,12.9
29143,11.9,12.7
29145,18.8,19.7
29147,23.4,27.8
29149,9.3,12.2
29151,17.5,18.9
29153,13.6,12.2
29155,11.4,12.1
29157,16.1,16.0
29159,16.7,18.4
29161,28.1,29.5
29163,12.2,16.1
29165,39.2,41.8
29167,17.0,20.3
29169,21.6,25.9
29171,15.2,18.9
29173,13.3,13.6
29175,13.9,15.3
29177,13.9,13.9
29179,6.2,11.1
29181,10.7,10.9
29183,35.5,37.8
29185,11.7,13.4
29186,12.4,17.7
29187,14.6,14.0
29189,41.4,43.2
29195,18.1,18.0
29197,10.4,11.6
29199,16.9,12.0
29201,14.0,14.5
29203,14.2,15.8
29205,13.6,17.0
29207,13.7,13.2
29209,15.3,18.4
29211,11.8,12.2
29213,17.9,18.4
29215,12.6,14.1
29217,14.7,17.7
29219,16.9,18.6
29221,7.8,9.4
29223,10.2,10.3
29225,16.0,16.9
29227,16.4,17.5
29229,12.2,11.4
29510,30.4,35.0
30000,29.1,31.2
30001,27.2,35.5
30003,15.8,17.4
30005,17.3,21.8
30007,21.3,27.0
30009,29.1,32.0
30011,16.4,17.5
30013,25.5,26.0
30015,24.4,27.3
30017,19.5,22.5
30019,21.2,21.9
30021,18.3,21.0
30023,18.6,17.4
30025,16.4,17.3
30027,27.6,28.9
30029,28.1,29.9
30031,46.7,49.0
30033,14.6,16.8
30035,18.3,19.0
30037,20.8,25.9
30039,27.5,26.6
30041,23.5,24.5
30043,33.5,34.0
30045,32.1,28.6
30047,24.9,28.0
30049,37.6,38.6
30051,22.4,16.6
30053,18.9,20.2
30055,17.5,16.1
30057,29.4,28.9
30059,18.4,26.1
30061,12.6,17.3
30063,40.2,42.5
30065,15.1,14.1
30067,33.4,32.4
30069,18.0,29.0
30071,19.8,20.5
30073,21.9,24.8
30075,20.5,26.4
30077,18.9,21.0
30079,14.0,20.9
30081,24.2,27.1
30083,17.3,19.0
30085,12.6,17.1
30087,22.9,18.0
30089,15.5,17.1
30091,21.3,23.6
30093,23.5,26.4
30095,23.5,25.3
30097,27.8,25.5
30099,22.4,24.4
30101,14.4,14.5
30103,19.2,23.5
30105,17.0,20.9
30107,18.9,19.8
30109,18.4,20.8
30111,28.7,31.0
30113,,
31000,29.0,31.3
31001,22.3,24.9
31003,18.3,19.1
31005,31.6,27.9
31007,13.6,20.7
31009,15.7,22.7
31011,15.4,20.6
31013,15.5,18.2
31015,18.6,18.2
31017,19.6,19.8
31019,32.8,34.7
31021,16.5,18.1
31023,14.0,19.9
31025,24.5,27.4
31027,16.5,19.4
31029,19.0,20.8
31031,20.4,21.2
31033,23.8,26.2
31035,17.5,18.4
31037,14.1,14.5
31039,18.1,23.2
31041,20.3,20.9
31043,11.9,12.5
31045,39.1,37.0
31047,15.1,15.6
31049,18.5,15.8
31051,16.6,20.5
31053,18.6,18.6
31055,36.6,38.9
31057,21.8,19.4
31059,19.7,19.9
31061,17.8,16.6
31063,16.9,20.0
31065,18.1,18.9
31067,20.5,20.2
31069,22.0,24.9
31071,12.8,22.2
31073,18.0,26.4
31075,18.6,25.2
31077,15.1,17.4
31079,17.7,20.9
31081,24.8,26.0
31083,14.5,21.4
31085,19.0,18.1
31087,15.3,18.6
31089,20.1,21.2
31091,23.6,23.9
31093,18.7,20.5
31095,13.2,15.3
31097,13.2,16.0
31099,24.9,22.7
31101,22.0,20.7
31103,15.8,22.9
31105,15.9,18.2
31107,18.9,21.7
31109,36.2,38.8
31111,19.9,22.1
31113,20.4,19.7
31115,14.4,23.2
31117,25.6,24.9
31119,21.3,22.4
31121,16.0,17.4
31123,17.0,18.1
31125,14.4,19.8
31127,27.1,28.1
31129,16.1,19.1
31131,22.0,21.8
31133,14.5,17.5
31135,20.7,25.8
31137,23.8,25.9
31139,20.4,22.3
31141,20.6,22.2
31143,19.5,21.1
31145,19.6,18.8
31147,21.7,18.2
31149,20.1,20.9
31151,14.3,14.3
31153,36.6,40.1
31155,24.5,25.4
31157,21.2,22.4
31159,26.8,29.2
31161,24.1,23.6
31163,14.5,18.2
31165,25.1,26.6
31167,19.4,16.6
31169,17.8,19.8
31171,24.2,24.0
31173,15.6,16.7
31175,17.4,22.8
31177,29.8,30.3
31179,36.4,34.5
31181,18.5,22.6
31183,18.6,17.3
31185,24.1,28.1
32000,22.5,24.2
32001,14.4,17.5
32003,22.2,23.9
32005,25.6,28.9
32007,17.5,18.2
32009,13.3,16.5
32011,22.9,11.7
32013,12.4,16.3
32015,9.8,11.6
32017,15.1,17.7
32019,15.9,14.0
32021,10.8,14.4
32023,13.4,11.5
32027,11.8,14.8
32029,20.7,28.7
32031,27.9,30.5
32033,15.5,14.9
32510,20.4,22.3
33000,34.4,36.5
33001,29.2,32.4
33003,32.2,33.6
33005,30.8,32.6
33007,17.8,18.1
33009,37.5,40.5
33011,35.5,37.3
33013,33.7,35.6
33015,38.0,40.7
33017,33.2,35.6
33019,27.4,26.8
34000,36.4,38.9
34001,24.4,27.4
34003,46.1,48.3
34005,35.3,37.5
34007,29.7,31.8
34009,29.2,31.5
34011,13.8,14.7
34013,32.3,34.8
34015,28.7,31.9
34017,36.8,40.9
34019,48.3,52.0
34021,39.8,42.0
34023,40.7,42.7
34025,42.0,44.9
34027,50.6,53.6
34029,26.3,29.2
34031,26.2,28.1
34033,20.4,20.9
34035,52.0,54.5
34037,33.1,34.9
34039,32.3,35.1
34041,29.5,31.8
35000,26.1,27.1
35001,32.3,33.9
35003,20.7,22.2
35005,18.4,17.8
35006,11.7,13.4
35007,20.6,20.5
35009,20.4,19.8
35011,11.6,9.8
35013,27.4,27.5
35015,16.8,15.9
35017,25.6,27.3
35019,12.8,11.6
35021,23.9,24.3
35023,15.6,14.2
35025,12.6,13.0
35027,26.1,29.3
35028,64.0,66.5
35029,13.9,12.2
35031,11.4,11.6
35033,8.0,11.2
35035,17.2,19.0
35037,13.8,15.8
35039,15.5,18.5
35041,22.8,25.1
35043,28.6,30.0
35045,15.2,15.2
35047,19.9,22.7
35049,39.9,40.9
35051,18.9,20.5
35053,19.2,21.2
35055,28.9,28.0
35057,16.2,15.6
35059,19.0,12.7
35061,16.5,17.1
36000,33.7,35.9
36001,38.7,41.3
36003,19.1,20.2
36005,18.3,19.8
36007,26.2,28.3
36009,18.0,19.1
36011,20.2,22.3
36013,21.1,21.7
36015,22.9,23.9
36017,17.2,18.3
36019,22.4,22.9
36021,28.5,31.3
36023,22.7,26.9
36025,20.5,21.9
36027,33.4,35.2
36029,31.2,33.7
36031,23.8,27.6
36033,17.7,19.4
36035,15.7,17.8
36037,20.2,21.5
36039,20.1,22.1
36041,23.8,19.3
36043,21.3,21.0
36045,20.5,22.3
36047,31.6,36.5
36049,14.2,16.3
36051,23.9,25.4
36053,27.2,27.0
36055,35.9,37.7
36057,16.3,17.5
36059,42.3,45.2
36061,59.3,60.8
36063,22.9,23.8
36065,23.1,24.7
36067,33.5,35.5
36069,31.6,34.5
36071,28.6,29.8
36073,16.2,15.9
36075,17.7,18.6
36077,27.2,30.9
36079,38.2,39.9
36081,30.2,31.5
36083,28.5,30.1
36085,30.6,33.0
36087,40.7,40.6
36089,21.6,23.6
36091,38.0,41.4
36093,29.8,31.4
36095,19.1,22.3
36097,18.0,22.3
36099,19.6,20.9
36101,20.8,23.1
36103,33.5,35.6
36105,21.1,23.2
36107,23.8,25.5
36109,50.3,52.7
36111,30.1,32.2
36113,28.3,30.0
36115,18.5,20.4
36117,21.3,22.3
36119,46.0,48.2
36121,14.7,16.5
36123,24.3,24.4
37000,27.8,30.5
37001,21.0,24.0
37003,13.0,14.7
37005,17.4,16.7
37007,10.7,9.6
37009,18.6,19.0
37011,20.1,20.6
37013,17.8,19.4
37015,11.1,13.4
37017,11.5,15.1
37019,25.4,28.6
37021,35.1,39.2
37023,17.4,16.6
37025,26.2,31.2
37027,13.4,15.3
37029,19.3,17.9
37031,24.2,28.4
37033,10.7,15.5
37035,21.5,21.9
37037,36.2,41.3
37039,18.4,19.2
37041,20.9,19.8
37043,20.1,22.8
37045,16.5,17.4
37047,12.7,13.1
37049,21.6,25.7
37051,22.9,25.0
37053,19.2,23.1
37055,29.4,33.0
37057,17.9,18.5
37059,25.6,22.9
37061,10.4,11.1
37063,45.6,47.5
37065,10.7,12.7
37067,32.1,33.8
37069,18.2,21.3
37071,18.5,20.6
37073,12.5,14.4
37075,16.6,13.5
37077,17.7,22.3
37079,9.7,10.5
37081,33.7,35.3
37083,11.9,14.4
37085,18.9,20.7
37087,23.8,25.0
37089,28.3,31.8
37091,14.3,14.6
37093,18.4,18.4
37095,11.2,9.4
37097,25.1,27.5
37099,29.3,30.5
37101,20.0,21.8
37103,13.7,13.1
37105,20.2,20.9
37107,13.9,14.5
37109,19.9,21.4
37111,13.9,16.9
37113,22.4,24.2
37115,20.3,27.6
37117,12.9,16.8
37119,41.5,44.8
37121,16.4,18.8
37123,14.9,14.7
37125,32.0,36.9
37127,18.4,20.9
37129,37.2,39.3
37131,11.1,12.8
37133,18.4,21.4
37135,56.2,57.6
37137,19.9,19.4
37139,18.9,20.5
37141,21.6,26.4
37143,16.7,20.4
37145,14.0,15.3
37147,28.8,31.8
37149,30.0,31.7
37151,14.1,15.8
37153,13.1,13.9
37155,12.4,13.2
37157,13.1,15.0
37159,17.2,18.7
37161,16.4,17.3
37163,12.1,12.8
37165,15.0,15.5
37167,15.6,15.8
37169,13.6,13.3
37171,15.2,16.8
37173,15.3,16.0
37175,29.0,31.5
37177,8.0,9.7
37179,32.3,34.8
37181,12.7,12.9
37183,48.3,51.8
37185,15.2,15.5
37187,9.5,11.3
37189,38.0,41.6
37191,17.2,19.5
37193,12.9,15.5
37195,18.4,19.6
37197,13.0,11.3
37199,18.7,20.0
38000,27.3,29.5
38001,23.9,28.6
38003,24.3,27.2
38005,12.5,15.6
38007,19.5,26.3
38009,17.9,23.7
38011,20.0,24.3
38013,18.5,22.3
38015,33.4,35.1
38017,37.4,39.4
38019,19.0,21.2
38021,25.0,26.7
38023,23.3,18.4
38025,19.3,21.0
38027,19.9,24.3
38029,14.8,16.5
38031,20.0,24.1
38033,22.1,28.1
38035,32.6,34.5
38037,17.2,17.4
38039,18.4,25.9
38041,16.0,14.4
38043,19.1,17.9
38045,22.1,24.0
38047,14.0,16.4
38049,15.7,19.8
38051,18.1,16.8
38053,21.1,26.1
38055,17.6,20.5
38057,19.8,21.6
38059,25.3,26.3
38061,18.6,20.6
38063,19.4,22.7
38065,19.6,18.7
38067,18.8,20.4
38069,15.3,19.2
38071,22.8,26.1
38073,18.6,19.7
38075,16.9,17.8
38077,22.4,21.6
38079,20.0,20.0
38081,20.1,17.5
38083,16.9,10.9
38085,17.4,16.2
38087,23.6,26.5
38089,24.3,22.9
38091,17.4,27.5
38093,22.3,23.5
38095,18.8,18.2
38097,27.9,26.8
38099,18.1,16.8
38101,25.3,28.3
38103,19.7,22.1
38105,19.1,24.8
39000,25.6,27.8
39001,9.8,12.9
39003,17.2,17.8
39005,19.7,21.1
39007,13.4,14.1
39009,28.8,29.7
39011,18.2,18.9
39013,14.9,16.2
39015,11.4,14.2
39017,28.1,29.8
39019,10.6,13.6
39021,16.0,14.9
39023,18.2,18.6
39025,26.2,28.0
39027,15.2,18.7
39029,13.6,14.8
39031,12.1,12.5
39033,12.6,14.8
39035,30.3,31.9
39037,11.6,14.7
39039,16.3,16.7
39041,51.1,54.4
39043,21.1,22.7
39045,26.2,27.2
39047,13.8,16.1
39049,36.7,39.3
39051,16.7,17.2
39053,14.7,15.3
39055,36.0,38.1
39057,36.9,39.0
39059,13.2,14.2
39061,34.3,37.1
39063,24.9,26.7
39065,14.5,16.6
39067,9.5,10.1
39069,14.8,18.0
39071,11.2,12.6
39073,13.7,14.8
39075,7.8,8.9
39077,13.1,13.6
39079,17.3,15.3
39081,15.2,15.3
39083,21.4,22.8
39085,26.0,27.9
39087,14.8,14.3
39089,22.6,26.2
39091,14.8,16.0
39093,22.3,24.0
39095,24.2,26.3
39097,15.7,16.9
39099,21.5,24.1
39101,12.5,13.1
39103,29.9,33.3
39105,11.9,12.8
39107,15.9,16.7
39109,19.7,22.6
39111,10.3,11.9
39113,24.8,27.4
39115,10.7,11.3
39117,13.8,13.5
39119,14.6,15.5
39121,9.5,10.3
39123,21.4,22.4
39125,12.7,14.1
39127,11.0,12.3
39129,16.4,18.6
39131,11.4,13.8
39133,25.5,28.7
39135,12.2,15.8
39137,20.2,20.3
39139,15.9,17.8
39141,15.0,16.6
39143,14.1,16.0
39145,14.4,15.0
39147,14.7,15.2
39149,15.6,17.4
39151,21.5,22.8
39153,29.9,32.1
39155,17.4,18.5
39157,14.7,15.8
39159,26.0,33.0
39161,15.4,16.2
39163,8.7,11.5
39165,38.7,42.3
39167,16.6,19.2
39169,20.2,21.9
39171,13.7,15.0
39173,30.8,33.1
39175,13.0,15.7
40000,23.8,25.2
40001,12.9,11.6
40003,20.3,20.2
40005,13.1,15.0
40007,17.9,19.7
40009,16.9,17.3
40011,16.7,16.6
40013,20.7,22.8
40015,15.0,16.3
40017,25.4,26.8
40019,18.2,20.6
40021,23.9,25.0
40023,14.2,12.3
40025,17.5,22.6
40027,31.0,32.5
40029,13.0,17.6
40031,20.4,22.5
40033,16.0,13.2
40035,13.9,14.8
40037,15.0,16.3
40039,27.3,25.5
40041,16.4,17.6
40043,22.6,24.5
40045,24.9,20.0
40047,21.5,22.4
40049,15.0,14.5
40051,17.2,19.7
40053,22.1,23.1
40055,13.2,13.5
40057,20.5,21.3
40059,17.9,22.0
40061,11.4,14.7
40063,11.1,12.9
40065,19.8,20.9
40067,11.4,13.9
40069,17.9,17.2
40071,19.7,19.1
40073,19.4,23.6
40075,18.5,17.4
40077,14.1,17.2
40079,12.9,15.1
40081,13.1,15.1
40083,26.5,27.6
40085,16.1,14.5
40087,21.5,24.2
40089,14.2,13.2
40091,13.5,14.2
40093,16.2,19.4
40095,14.2,15.7
40097,15.9,14.6
40099,20.2,18.5
40101,18.7,19.5
40103,21.3,21.1
40105,13.1,10.7
40107,10.5,11.6
40109,30.2,31.8
40111,14.5,14.1
40113,16.2,17.6
40115,13.8,14.1
40117,16.5,16.1
40119,36.4,36.9
40121,15.6,15.5
40123,27.1,28.1
40125,18.0,18.3
40127,12.2,15.0
40129,21.2,18.5
40131,23.1,24.3
40133,13.4,14.1
40135,13.1,13.3
40137,17.5,17.4
40139,19.5,22.3
40141,16.1,17.7
40143,30.0,31.2
40145,21.5,23.3
40147,26.1,28.6
40149,17.6,20.4
40151,25.7,30.6
40153,18.8,19.8
41000,30.1,32.9
41001,20.4,22.3
41003,51.4,53.6
41005,32.0,36.8
41007,23.6,24.6
41009,17.1,17.8
41011,18.8,17.9
41013,14.7,16.6
41015,22.2,24.0
41017,31.3,34.2
41019,15.9,17.2
41021,18.8,20.2
41023,19.5,18.8
41025,16.9,17.0
41027,32.0,31.6
41029,25.1,27.4
41031,16.0,18.4
41033,17.3,17.2
41035,19.6,19.4
41037,18.3,15.4
41039,28.2,29.6
41041,24.3,24.1
41043,17.5,19.5
41045,13.7,13.8
41047,21.7,22.8
41049,10.2,10.9
41051,40.3,44.5
41053,28.9,30.1
41055,18.5,19.5
41057,19.5,21.0
41059,15.8,16.2
41061,22.7,24.8
41063,25.1,24.7
41065,18.7,20.5
41067,39.7,43.7
41069,16.1,14.0
41071,22.4,26.5
42000,28.1,30.8
42001,21.2,22.4
42003,36.9,40.7
42005,14.6,16.2
42007,22.6,23.7
42009,13.7,14.2
42011,22.7,24.5
42013,18.6,20.8
42015,17.0,17.8
42017,36.5,40.5
42019,31.7,35.4
42021,18.9,21.4
42023,14.6,15.9
42025,15.0,16.8
42027,40.4,44.7
42029,48.8,51.8
42031,19.3,22.7
42033,13.2,14.3
42035,17.2,19.0
42037,21.2,22.5
42039,19.6,20.8
42041,32.8,35.8
42043,28.2,30.5
42045,35.5,38.3
42047,15.4,18.6
42049,25.6,27.7
42051,13.9,16.2
42053,9.2,7.4
42055,19.1,21.0
42057,12.7,13.4
42059,17.0,18.2
42061,14.3,16.9
42063,23.3,22.6
42065,14.3,16.4
42067,12.2,14.2
42069,25.7,27.7
42071,24.7,26.9
42073,19.4,21.4
42075,19.8,20.3
42077,28.1,29.4
42079,21.4,23.2
42081,19.4,22.8
42083,15.6,18.1
42085,20.6,22.6
42087,11.9,12.5
42089,23.2,24.4
42091,46.2,48.7
42093,28.3,32.8
42095,27.2,29.2
42097,14.3,16.0
42099,16.1,16.4
42101,24.5,28.6
42103,22.9,28.0
42105,15.4,15.5
42107,14.9,16.2
42109,16.6,18.4
42111,14.9,15.5
42113,15.6,17.3
42115,16.7,17.8
42117,19.4,19.1
42119,21.3,25.5
42121,15.9,17.6
42123,18.4,19.3
42125,26.6,29.5
42127,19.6,20.4
42129,26.2,28.5
42131,17.9,19.6
42133,22.5,24.2
44000,31.4,33.3
44001,43.5,47.1
44003,30.1,32.1
44005,44.9,47.9
44007,26.4,28.1
44009,43.8,45.0
45000,25.3,27.4
45001,12.3,15.9
45003,24.8,26.4
45005,12.7,9.4
45007,19.2,21.4
45009,18.3,18.7
45011,11.7,11.5
45013,37.4,40.3
45015,21.6,23.8
45017,16.8,19.2
45019,40.0,42.8
45021,14.7,13.8
45023,13.0,13.7
45025,12.4,10.1
45027,13.6,15.5
45029,14.1,15.2
45031,16.1,17.2
45033,8.3,11.1
45035,24.9,27.9
45037,18.6,17.8
45039,15.2,17.0
45041,21.5,23.1
45043,23.8,27.2
45045,31.6,34.2
45047,23.0,23.5
45049,11.1,11.4
45051,22.9,23.6
45053,13.0,16.9
45055,20.0,19.9
45057,20.3,26.9
45059,14.3,15.4
45061,9.7,12.3
45063,28.7,30.1
45065,17.7,20.2
45067,15.0,14.4
45069,9.0,9.4
45071,17.8,17.1
45073,22.1,24.6
45075,18.8,19.5
45077,22.4,24.5
45079,36.2,37.7
45081,12.2,16.1
45083,21.9,23.8
45085,18.9,18.5
45087,13.6,12.1
45089,12.0,12.7
45091,28.6,32.0
46000,26.7,28.5
46003,18.5,20.6
46005,20.3,20.1
46007,16.5,18.4
46009,17.6,18.4
46011,41.4,39.2
46013,26.9,29.3
46015,21.4,24.8
46017,8.6,9.4
46019,18.2,20.6
46021,19.3,28.8
46023,18.0,17.5
46025,20.2,18.6
46027,43.1,48.4
46029,20.3,21.6
46031,14.1,17.0
46033,27.4,25.0
46035,26.4,23.9
46037,17.8,20.6
46039,22.1,23.6
46041,14.9,16.0
46043,18.1,16.9
46045,23.6,25.5
46047,21.6,21.5
46049,20.6,28.9
46051,17.2,17.4
46053,17.5,20.5
46055,18.6,15.1
46057,19.3,20.3
46059,20.2,23.3
46061,24.8,20.1
46063,30.5,26.1
46065,32.1,35.5
46067,26.1,25.5
46069,17.6,22.5
46071,20.2,20.5
46073,16.7,20.8
46075,17.3,24.0
46077,23.2,22.7
46079,28.4,32.9
46081,29.5,34.7
46083,41.0,39.4
46085,19.1,19.8
46087,22.6,23.4
46089,16.9,16.4
46091,21.1,24.0
46093,21.5,27.2
46095,17.5,13.7
46097,24.5,20.2
46099,29.3,31.9
46101,25.6,21.0
46103,27.9,30.7
46105,18.8,20.0
46107,20.0,21.8
46109,15.8,17.2
46111,16.1,19.7
46113,12.5,
46115,22.0,22.2
46117,26.8,31.3
46119,26.3,25.5
46121,13.9,15.8
46123,21.8,21.5
46125,19.9,23.2
46127,32.7,30.4
46129,22.5,23.2
46135,26.7,28.2
46137,13.1,16.3
47000,24.4,26.6
47001,23.6,23.5
47003,13.3,16.3
47005,10.0,12.6
47007,10.2,12.9
47009,21.7,24.0
47011,19.3,21.9
47013,9.5,11.9
47015,12.8,13.8
47017,15.6,17.2
47019,16.1,16.8
47021,19.3,19.6
47023,15.6,16.4
47025,12.3,15.2
47027,13.3,14.6
47029,9.4,10.8
47031,18.2,19.6
47033,12.0,13.0
47035,17.8,18.3
47037,36.5,40.3
47039,13.3,12.8
47041,13.8,15.7
47043,13.5,15.4
47045,19.9,16.9
47047,22.7,21.7
47049,10.2,13.6
47051,18.7,20.7
47053,15.4,17.8
47055,14.6,15.1
47057,11.1,10.6
47059,15.5,15.3
47061,9.7,12.1
47063,16.1,16.1
47065,28.1,31.2
47067,10.1,11.5
47069,9.2,11.4
47071,12.4,13.9
47073,13.0,14.0
47075,12.4,12.6
47077,13.2,13.8
47079,16.3,17.1
47081,11.2,11.0
47083,11.0,10.6
47085,13.6,13.3
47087,9.5,9.0
47089,15.1,16.4
47091,9.3,11.3
47093,34.5,36.7
47095,8.2,10.4
47097,10.1,8.8
47099,11.9,12.5
47101,12.7,11.5
47103,16.3,18.8
47105,25.6,26.3
47107,14.8,15.8
47109,11.4,12.7
47111,9.0,10.0
47113,25.1,25.9
47115,15.3,11.6
47117,13.2,14.3
47119,18.6,21.8
47121,7.8,10.5
47123,11.2,12.8
47125,24.0,27.2
47127,13.9,20.7
47129,7.3,7.3
47131,15.4,14.9
47133,13.2,13.1
47135,12.7,11.5
47137,12.3,8.7
47139,10.2,11.0
47141,22.8,25.4
47143,11.7,15.2
47145,17.7,19.5
47147,16.9,18.6
47149,28.9,32.0
47151,10.5,9.4
47153,13.1,14.6
47155,15.4,17.1
47157,29.8,31.1
47159,11.0,12.4
47161,12.4,14.9
47163,21.2,22.8
47165,24.0,26.9
47167,14.8,16.7
47169,11.9,16.8
47171,13.4,14.8
47173,8.6,8.5
47175,12.4,8.5
47177,13.1,14.0
47179,30.8,32.4
47181,8.2,11.2
47183,19.5,21.5
47185,11.9,13.5
47187,54.1,59.0
47189,26.7,30.6
48000,27.1,29.3
48001,11.3,11.7
48003,13.6,10.4
48005,15.3,16.3
48007,19.5,21.7
48009,20.3,23.4
48011,24.4,23.2
48013,13.6,13.3
48015,19.5,23.5
48017,10.2,17.7
48019,21.5,23.8
48021,17.3,20.4
48023,22.4,19.7
48025,8.9,10.2
48027,22.2,24.5
48029,26.5,27.6
48031,27.9,27.1
48033,33.1,35.0
48035,15.4,18.5
48037,18.8,19.9
48039,27.9,29.7
48041,38.3,40.8
48043,36.3,39.4
48045,20.7,22.7
48047,11.0,17.6
48049,16.4,19.3
48051,13.7,17.1
48053,23.3,25.1
48055,15.6,14.8
48057,15.8,15.0
48059,13.4,19.1
48061,16.1,17.3
48063,14.3,18.6
48065,22.6,30.4
48067,12.7,16.4
48069,13.9,14.8
48071,18.8,21.5
48073,15.9,16.9
48075,20.0,17.3
48077,16.9,18.6
48079,13.7,8.2
48081,17.1,17.1
48083,14.0,15.6
48085,49.4,51.7
48087,18.7,18.4
48089,17.5,18.6
48091,33.2,35.3
48093,18.3,19.8
48095,11.8,11.9
48097,20.5,20.5
48099,15.5,15.7
48101,15.2,15.3
48103,11.8,12.4
48105,11.1,14.1
48107,11.6,12.8
48109,11.7,9.0
48111,11.1,13.6
48113,28.7,30.7
48115,10.1,12.5
48117,14.8,12.2
48119,17.0,21.3
48121,41.0,44.5
48123,13.3,12.8
48125,14.4,16.7
48127,10.4,14.1
48129,16.7,19.8
48131,7.0,9.3
48133,14.0,13.3
48135,14.3,15.6
48137,24.3,20.8
48139,21.2,23.1
48141,20.8,22.8
48143,25.6,29.7
48145,11.4,12.9
48147,15.6,16.7
48149,16.1,18.1
48151,14.1,18.2
48153,17.2,15.9
48155,20.9,16.2
48157,42.3,46.1
48159,22.0,23.6
48161,12.1,13.0
48163,7.9,7.2
48165,11.2,12.4
48167,28.3,30.0
48169,8.9,13.9
48171,33.3,33.8
48173,24.8,23.2
48175,15.3,17.6
48177,14.7,12.3
48179,14.5,13.3
48181,20.2,20.5
48183,19.9,20.8
48185,11.6,14.6
48187,25.2,27.5
48189,14.3,16.5
48191,12.4,14.3
48193,19.0,21.7
48195,21.9,14.3
48197,18.9,14.5
48199,15.4,15.3
48201,29.0,31.0
48203,18.6,19.1
48205,21.4,17.2
48207,16.6,13.4
48209,36.8,37.4
48211,22.2,21.0
48213,15.5,18.2
48215,16.4,18.4
48217,14.6,17.1
48219,16.1,14.0
48221,24.1,26.1
48223,15.2,18.3
48225,13.9,14.1
48227,13.0,12.3
48229,8.4,6.9
48231,17.4,19.3
48233,13.2,13.8
48235,13.1,16.9
48237,10.8,12.6
48239,16.5,16.1
48241,10.3,12.4
48243,38.4,35.1
48245,18.0,19.6
48247,13.0,12.3
48249,10.7,12.7
48251,16.6,18.3
48253,9.3,11.5
48255,12.4,14.4
48257,18.5,20.7
48259,40.7,40.9
48261,14.3,6.8
48263,23.3,23.6
48265,28.3,25.6
48267,16.8,22.1
48269,22.4,18.2
48271,13.2,9.6
48273,24.4,24.8
48275,13.2,19.6
48277,16.2,17.6
48279,14.1,15.9
48281,21.1,20.0
48283,13.5,13.1
48285,15.3,16.7
48287,17.0,15.9
48289,17.0,16.4
48291,8.8,9.5
48293,13.6,14.0
48295,21.1,19.5
48297,15.9,13.2
48299,26.8,25.7
48301,2.6,0.0
48303,28.0,29.1
48305,17.7,18.2
48307,15.7,19.0
48309,22.1,23.7
48311,4.4,23.3
48313,10.0,13.6
48315,14.5,14.9
48317,17.3,20.4
48319,24.1,20.0
48321,14.9,16.7
48323,12.1,12.5
48325,18.8,19.8
48327,19.2,17.8
48329,25.0,27.4
48331,16.0,13.8
48333,23.9,18.2
48335,9.9,11.8
48337,16.3,15.5
48339,31.7,34.7
48341,13.0,14.3
48343,12.8,15.5
48345,19.5,16.7
48347,25.0,24.5
48349,16.7,16.1
48351,6.9,8.9
48353,12.9,15.5
48355,20.4,21.5
48357,14.0,15.2
48359,30.3,22.5
48361,13.8,15.3
48363,15.9,16.5
48365,11.4,15.5
48367,25.6,26.8
48369,15.8,17.7
48371,11.5,9.8
48373,12.1,14.0
48375,15.1,14.8
48377,22.0,20.1
48379,11.4,11.7
48381,30.7,32.0
48383,11.0,10.6
48385,20.0,20.6
48387,14.2,12.6
48389,10.6,10.8
48391,10.3,11.8
48393,34.3,26.3
48395,17.0,16.1
48397,36.7,40.3
48399,13.7,18.3
48401,13.3,14.5
48403,12.2,16.0
48405,10.0,13.3
48407,12.3,10.9
48409,14.8,14.9
48411,13.5,14.4
48413,20.4,16.5
48415,15.4,16.5
48417,24.3,24.9
48419,13.8,14.5
48421,21.2,19.7
48423,25.2,25.8
48425,27.0,23.9
48427,9.6,10.3
48429,16.5,16.6
48431,26.6,15.9
48433,17.7,13.7
48435,17.8,17.7
48437,15.6,12.8
48439,29.7,31.5
48441,24.6,24.5
48443,16.9,15.3
48445,12.8,12.0
48447,20.7,19.0
48449,14.2,15.9
48451,21.5,24.2
48453,45.2,48.6
48455,10.8,12.8
48457,11.6,12.5
48459,14.3,17.0
48461,11.0,9.9
48463,15.3,15.8
48465,16.3,18.6
48467,14.9,17.1
48469,16.8,20.1
48471,18.4,20.6
48473,18.4,19.9
48475,12.8,13.6
48477,23.1,25.0
48479,17.0,18.4
48481,13.8,17.1
48483,16.9,16.6
48485,20.8,23.0
48487,17.6,16.1
48489,9.2,10.1
48491,38.6,41.1
48493,18.5,20.5
48495,11.1,9.5
48497,15.9,17.5
48499,17.9,16.4
48501,15.8,16.3
48503,17.6,19.6
48505,9.6,10.4
48507,8.5,8.6
49000,30.6,33.3
49001,18.2,20.4
49003,21.6,23.3
49005,35.9,37.8
49007,13.0,16.4
49009,19.3,12.4
49011,34.6,37.5
49013,15.4,14.4
49015,12.3,14.7
49017,21.4,24.4
49019,23.2,27.7
49021,27.9,29.1
49023,16.3,17.1
49025,25.6,27.3
49027,19.2,22.4
49029,34.5,39.5
49031,17.4,18.9
49033,16.1,24.4
49035,31.3,34.5
49037,18.8,18.4
49039,20.3,18.8
49041,16.2,17.1
49043,50.1,55.3
49045,20.6,23.0
49047,16.6,14.7
49049,36.9,40.1
49051,34.4,40.6
49053,27.1,27.7
49055,26.5,25.2
49057,23.2,23.8
50000,35.2,37.3
50001,35.4,36.7
50003,32.0,35.7
50005,25.8,28.1
50007,48.0,50.7
50009,14.1,15.6
50011,23.2,23.7
50013,32.4,39.2
50015,35.3,37.3
50017,31.6,29.1
50019,21.4,21.6
50021,28.8,30.3
50023,39.0,41.5
50025,34.5,38.6
50027,34.3,36.3
51000,35.8,38.2
51001,18.3,18.5
51003,52.1,53.5
51005,16.9,15.4
51007,15.6,15.9
51009,18.3,19.2
51011,15.3,19.8
51013,72.0,74.6
51015,21.2,23.5
51017,19.8,14.9
51019,26.3,28.9
51021,14.2,17.4
51023,25.4,28.7
51025,13.3,14.3
51027,8.6,10.6
51029,11.2,11.3
51031,18.9,22.5
51033,19.3,20.1
51035,13.0,13.1
51036,11.8,13.3
51037,15.4,10.2
51041,36.6,39.9
51043,32.2,32.2
51045,13.1,18.5
51047,21.4,24.7
51049,16.4,17.5
51051,10.2,10.0
51053,13.7,17.2
51057,13.7,16.5
51059,59.2,61.1
51061,34.3,35.9
51063,16.7,22.3
51065,29.6,34.5
51067,19.8,20.5
51069,28.2,28.1
51071,17.0,18.2
51073,22.9,22.8
51075,38.3,39.2
51077,10.8,12.5
51079,24.5,27.8
51081,8.5,9.0
51083,14.6,15.9
51085,36.3,39.2
51087,39.7,42.9
51089,11.5,12.8
51091,19.4,23.1
51093,26.1,28.2
51095,46.1,49.6
51097,16.8,19.8
51099,31.8,34.6
51101,19.1,20.4
51103,28.7,30.9
51105,11.1,11.4
51107,58.0,60.8
51109,19.2,23.4
51111,12.5,10.6
51113,23.1,24.2
51115,29.0,28.0
51117,15.2,18.4
51119,28.3,21.8
51121,44.3,45.8
51125,29.0,32.1
51127,24.6,28.4
51131,20.4,21.6
51133,23.6,28.5
51135,12.2,12.7
51137,24.0,24.3
51139,12.4,13.9
51141,11.2,13.9
51143,14.0,13.9
51145,28.0,28.8
51147,22.4,28.1
51149,18.5,24.0
51153,38.1,40.1
51155,16.4,19.4
51157,32.0,32.9
51159,12.9,15.7
51161,34.0,34.8
51163,23.5,26.5
51165,23.7,25.9
51167,11.9,13.5
51169,11.6,14.4
51171,19.8,20.1
51173,14.9,14.3
51175,14.8,17.8
51177,28.3,31.5
51179,37.1,39.8
51181,18.8,17.6
51183,9.0,12.6
51185,12.8,15.3
51187,19.7,21.1
51191,23.5,22.5
51193,16.5,20.3
51195,12.8,14.5
51197,15.2,18.5
51199,42.0,45.4
51510,61.5,62.1
51515,,
51520,20.4,24.1
51530,14.0,15.9
51540,49.3,52.6
51550,29.4,32.5
51560,,
51570,19.6,23.2
51580,9.0,15.3
51590,17.2,18.4
51595,15.0,13.4
51600,53.5,58.7
51610,75.1,78.5
51620,19.8,21.1
51630,37.7,42.1
51640,12.4,12.4
51650,23.3,26.8
51660,35.6,36.0
51670,10.9,13.5
51678,44.8,39.5
51680,32.3,34.8
51683,29.1,29.7
51685,26.3,29.2
51690,16.6,21.3
51700,24.1,25.5
51710,25.6,28.0
51720,20.5,16.9
51730,14.9,18.0
51735,35.8,42.8
51740,19.5,21.3
51750,34.9,39.1
51760,35.4,38.5
51770,24.1,23.8
51775,30.7,29.1
51790,31.5,34.0
51800,26.1,28.1
51810,33.5,35.2
51820,19.0,25.0
51830,48.6,56.7
51840,28.1,33.9
53000,32.3,35.3
53001,13.5,13.6
53003,18.5,20.5
53005,29.2,30.0
53007,24.0,26.7
53009,24.5,26.1
53011,26.5,29.8
53013,20.4,24.9
53015,15.6,16.6
53017,17.3,19.2
53019,15.7,18.2
53021,15.4,17.3
53023,21.9,25.2
53025,15.5,17.6
53027,15.0,15.8
53029,31.7,33.0
53031,37.3,41.8
53033,47.1,51.4
53035,30.0,32.2
53037,34.0,34.8
53039,20.6,28.9
53041,14.1,16.8
53043,19.3,23.6
53045,17.9,18.0
53047,17.0,19.0
53049,16.5,18.0
53051,16.6,20.2
53053,24.2,26.4
53055,45.2,48.6
53057,24.5,26.3
53059,21.4,23.8
53061,29.3,31.9
53063,28.6,30.4
53065,17.6,18.5
53067,32.9,35.7
53069,13.9,19.0
53071,26.5,28.6
53073,32.4,33.9
53075,47.8,49.5
53077,15.9,16.0
54000,18.7,20.3
54001,12.3,16.6
54003,20.3,21.0
54005,9.1,8.4
54007,10.8,15.1
54009,17.1,19.4
54011,26.4,25.7
54013,8.9,11.0
54015,9.4,9.5
54017,12.7,15.7
54019,11.8,15.2
54021,16.6,14.4
54023,12.6,14.4
54025,18.2,19.9
54027,8.7,12.2
54029,16.8,18.5
54031,12.2,14.5
54033,20.2,22.5
54035,16.2,17.1
54037,28.3,30.8
54039,24.9,24.9
54041,14.9,13.3
54043,9.1,8.7
54045,8.5,10.0
54047,5.8,5.4
54049,20.9,23.4
54051,15.9,18.5
54053,10.1,12.4
54055,19.0,20.0
54057,12.8,14.7
54059,10.5,9.5
54061,38.8,41.3
54063,13.8,13.8
54065,16.5,17.3
54067,13.6,15.2
54069,28.6,30.8
54071,14.0,14.2
54073,13.3,12.9
54075,15.8,16.3
54077,12.9,15.4
54079,23.9,26.7
54081,18.2,18.3
54083,18.1,16.3
54085,10.4,10.5
54087,10.3,12.4
54089,13.0,13.9
54091,15.8,17.2
54093,13.8,17.5
54095,10.0,13.9
54097,15.8,16.8
54099,12.6,15.1
54101,9.1,9.3
54103,10.2,12.7
54105,10.9,9.7
54107,18.7,21.8
54109,9.0,9.5
55000,27.4,29.5
55001,12.6,12.4
55003,22.3,21.1
55005,16.6,19.9
55007,28.3,30.5
55009,27.5,29.6
55011,17.7,17.9
55013,16.8,20.0
55015,28.0,28.7
55017,19.2,20.1
55019,11.7,11.5
55021,22.2,23.2
55023,15.3,17.8
55025,47.6,50.7
55027,15.7,16.5
55029,29.4,32.1
55031,21.9,24.0
55033,25.3,28.0
55035,31.1,31.8
55037,15.4,18.3
55039,20.9,22.7
55041,14.2,15.6
55043,20.2,23.0
55045,20.9,23.0
55047,17.3,19.3
55049,23.2,24.3
55051,20.6,20.0
55053,13.9,14.4
55055,23.3,24.8
55057,12.4,13.6
55059,24.3,25.7
55061,14.4,19.1
55063,30.8,34.3
55065,17.3,18.9
55067,13.5,16.5
55069,15.2,18.3
55071,19.6,19.9
55073,23.0,25.6
55075,13.9,15.0
55077,13.0,14.2
55078,16.5,17.2
55079,28.7,30.5
55081,17.5,19.9
55083,15.4,16.0
55085,24.4,27.1
55087,26.9,28.9
55089,46.4,48.4
55091,17.1,19.2
55093,26.3,28.2
55095,19.2,20.4
55097,28.3,32.0
55099,16.1,16.9
55101,23.4,24.7
55103,16.7,18.9
55105,20.0,21.8
55107,14.2,15.8
55109,32.4,33.7
55111,21.9,23.8
55113,22.1,23.2
55115,15.1,16.1
55117,22.5,23.9
55119,13.8,14.7
55121,18.1,19.4
55123,20.1,21.8
55125,24.9,27.1
55127,26.3,28.3
55129,20.5,22.3
55131,27.9,30.7
55133,41.0,43.8
55135,16.5,19.1
55137,15.2,15.7
55139,26.1,27.3
55141,18.9,21.6
56000,25.1,26.9
56001,48.8,49.9
56003,20.0,18.8
56005,19.2,19.2
56007,17.2,20.3
56009,19.6,17.2
56011,21.6,22.4
56013,21.5,23.5
56015,21.5,24.5
56017,19.5,23.1
56019,27.0,28.8
56021,26.8,28.7
56023,20.1,22.6
56025,21.3,22.7
56027,21.4,16.6
56029,28.3,32.1
56031,19.2,21.7
56033,28.9,30.0
56035,23.6,25.2
56037,18.1,22.0
56039,51.9,57.4
56041,18.7,15.4
56043,21.2,21.5
56045,16.8,19.2
72000,23.6,25.3
72001,16.1,17.9
72003,21.6,19.4
72005,21.9,23.7
72007,14.2,17.6
72009,21.0,19.8
72011,14.0,18.1
72013,21.5,22.8
72015,16.9,14.0
72017,16.5,19.9
72019,18.2,18.3
72021,26.6,28.6
72023,23.3,26.0
72025,28.8,30.6
72027,20.7,20.6
72029,19.9,21.7
72031,28.7,31.5
72033,20.7,19.4
72035,22.9,22.9
72037,18.1,18.9
72039,11.6,15.1
72041,21.8,23.5
72043,19.2,21.5
72045,12.0,11.3
72047,15.5,16.8
72049,10.4,15.5
72051,29.9,30.3
72053,21.6,23.5
72054,10.4,12.5
72055,15.3,15.8
72057,20.1,19.9
72059,18.6,23.0
72061,44.5,45.6
72063,31.9,34.2
72065,22.1,24.8
72067,22.6,22.3
72069,21.5,22.8
72071,19.2,22.2
72073,16.0,17.5
72075,21.1,25.5
72077,22.2,19.2
72079,13.9,15.2
72081,17.2,18.1
72083,15.1,14.0
72085,18.8,20.8
72087,14.0,14.3
72089,18.3,19.5
72091,22.2,22.1
72093,11.7,9.9
72095,17.0,18.0
72097,20.8,25.1
72099,19.2,18.8
72101,15.0,16.9
72103,19.4,19.1
72105,15.1,16.5
72107,15.4,16.3
72109,15.3,15.8
72111,15.8,22.4
72113,24.9,26.6
72115,18.5,18.4
72117,18.7,23.3
72119,18.7,21.2
72121,19.7,19.6
72123,16.4,17.9
72125,21.5,23.4
72127,34.2,36.2
72129,17.5,19.9
72131,17.0,18.3
72133,22.2,24.1
72135,28.0,30.0
72137,20.5,25.6
72139,33.8,34.6
72141,17.8,18.1
72143,17.3,21.0
72145,19.1,20.7
72147,11.2,20.6
72149,16.2,20.1
72151,14.2,18.6
72153,20.1,24.6
